filename,age,gender
image_processed/videos/guy2girl5/out/0358.png,34.1728820801,0.899010360241
image_processed/videos/guy2girl5/out/0359.png,31.3427371979,0.620991587639
image_processed/videos/guy2girl5/out/0360.png,32.0891799927,0.857824385166
image_processed/videos/guy2girl5/out/0362.png,35.4974212646,0.634241342545
image_processed/videos/guy2girl5/out/0363.png,36.4813232422,0.853050708771
image_processed/videos/guy2girl5/out/0364.png,34.5771331787,0.817611157894
image_processed/videos/guy2girl5/out/0365.png,28.3811378479,0.9669033885
image_processed/videos/guy2girl5/out/0366.png,30.757522583,0.932554543018
image_processed/videos/guy2girl5/out/0367.png,16.5239849091,0.980555713177
image_processed/videos/guy2girl5/out/0368.png,28.43708992,0.892493188381
image_processed/videos/guy2girl5/out/0369.png,29.8669681549,0.93235886097
image_processed/videos/guy2girl5/out/0371.png,29.0065574646,0.93040561676
image_processed/videos/guy2girl5/out/0372.png,28.9690723419,0.779859721661
image_processed/videos/guy2girl5/out/0373.png,31.7039451599,0.894474565983
image_processed/videos/guy2girl5/out/0374.png,25.7084712982,0.979813337326
image_processed/videos/guy2girl5/out/0375.png,31.1399612427,0.753955185413
image_processed/videos/guy2girl5/out/0376.png,34.6954231262,0.920707762241
image_processed/videos/guy2girl5/out/0377.png,30.0090999603,0.735930144787
image_processed/videos/guy2girl5/out/0378.png,31.0994682312,0.982843995094
image_processed/videos/guy2girl5/out/0379.png,31.718460083,0.987219929695
image_processed/videos/guy2girl5/out/0380.png,33.54662323,0.862556517124
image_processed/videos/guy2girl5/out/0381.png,31.9190673828,0.911545217037
image_processed/videos/guy2girl5/out/0382.png,35.0181694031,0.916591823101
image_processed/videos/guy2girl5/out/0383.png,36.8586502075,0.754161715508
image_processed/videos/guy2girl5/out/0384.png,44.0667991638,0.791253089905
image_processed/videos/guy2girl5/out/0385.png,24.648601532,0.885616600513
image_processed/videos/guy2girl5/out/0386.png,28.3999347687,0.981220364571
image_processed/videos/guy2girl5/out/0388.png,19.0724620819,0.977414131165
image_processed/videos/guy2girl5/out/0392.png,35.0046348572,0.564798116684
image_processed/videos/guy2girl5/out/0403.png,32.1208953857,0.300955027342
image_processed/videos/guy2girl5/out/0411.png,34.872795105,0.865648090839
image_processed/videos/guy2girl5/out/0412.png,30.0274429321,0.712067782879
image_processed/videos/guy2girl5/out/0413.png,33.2618522644,0.621297478676
image_processed/videos/guy2girl5/out/0434.png,31.0327663422,0.458399862051
image_processed/videos/guy2girl5/out/0443.png,27.1617259979,0.483696877956
image_processed/videos/guy2girl5/out/0445.png,29.5879077911,0.546079993248
image_processed/videos/guy2girl5/out/0446.png,33.8751602173,0.461606323719
image_processed/videos/guy2girl5/out/0464.png,40.2385368347,0.982365310192
image_processed/videos/guy2girl5/out/0465.png,23.06772995,0.880060136318
image_processed/videos/guy2girl5/out/0468.png,35.1707572937,0.358306616545
image_processed/videos/guy2girl5/out/0470.png,35.2744293213,0.585565626621
image_processed/videos/guy2girl5/out/0472.png,42.9229354858,0.589209318161
image_processed/videos/guy2girl5/out/0475.png,33.6008911133,0.664088070393
image_processed/videos/guy2girl5/out/0484.png,37.5271759033,0.60052549839
image_processed/videos/guy2girl5/out/0486.png,35.3269386292,0.528158068657
image_processed/videos/guy2girl5/out/0491.png,39.3130950928,0.210268780589
image_processed/videos/guy2girl5/out/0492.png,32.9675941467,0.736772835255
image_processed/videos/guy2girl5/out/0496.png,32.80859375,0.78050506115
image_processed/videos/guy2girl5/out/0497.png,27.7104320526,0.550643444061
image_processed/videos/guy2girl5/out/0498.png,35.5156974792,0.633951365948
image_processed/videos/guy2girl5/out/0501.png,32.9535369873,0.518683433533
image_processed/videos/guy2girl5/out/0502.png,28.172121048,0.800426959991
image_processed/videos/guy2girl5/out/0503.png,36.8462257385,0.433633863926
image_processed/videos/guy2girl5/out/0505.png,37.6410140991,0.407274872065
image_processed/videos/guy2girl5/out/0513.png,45.1359786987,0.940416991711
image_processed/videos/guy2girl5/out/0515.png,35.3682518005,0.847749054432
image_processed/videos/guy2girl5/out/0516.png,40.7739753723,0.756534814835
image_processed/videos/guy2girl5/out/0520.png,35.9242553711,0.432818859816
image_processed/videos/guy2girl5/out/0526.png,41.6221427917,0.564983844757
image_processed/videos/guy2girl5/out/0529.png,35.7808570862,0.789741933346
image_processed/videos/guy2girl5/out/0530.png,39.4140090942,0.620219230652
image_processed/videos/guy2girl5/out/0541.png,42.8328819275,0.640675365925
image_processed/videos/guy2girl5/out/0554.png,40.6362991333,0.801523983479
image_processed/videos/guy2girl5/out/0558.png,32.2918624878,0.596212267876
image_processed/videos/guy2girl5/out/0565.png,41.0640792847,0.524743676186
image_processed/videos/guy2girl5/out/0570.png,39.6797790527,0.290234774351
image_processed/videos/guy2girl5/out/0572.png,37.9438781738,0.651809036732
image_processed/videos/guy2girl5/out/0578.png,35.0275726318,0.828374028206
image_processed/videos/guy2girl5/out/0580.png,36.8332138062,0.672394931316
image_processed/videos/guy2girl5/out/0582.png,38.7146987915,0.743857741356
image_processed/videos/guy2girl5/out/0584.png,37.008972168,0.900009632111
image_processed/videos/guy2girl5/out/0590.png,38.5717086792,0.580087184906
image_processed/videos/guy2girl5/out/0593.png,36.6265487671,0.664153933525
image_processed/videos/guy2girl5/out/0594.png,36.8581695557,0.849368095398
image_processed/videos/guy2girl5/out/0596.png,35.3553619385,0.758000910282
image_processed/videos/guy2girl5/out/0598.png,40.0953521729,0.763336122036
image_processed/videos/guy2girl5/out/0599.png,33.5906066895,0.883314192295
image_processed/videos/guy2girl5/out/0601.png,38.4983100891,0.77005648613
image_processed/videos/guy2girl5/out/0603.png,43.1442565918,0.168550521135
image_processed/videos/guy2girl5/out/0604.png,38.4413604736,0.891257166862
image_processed/videos/guy2girl5/out/0606.png,36.7073287964,0.599047839642
image_processed/videos/guy2girl5/out/0609.png,41.9695396423,0.522473752499
image_processed/videos/guy2girl5/out/0610.png,37.4368743896,0.682339668274
image_processed/videos/guy2girl5/out/0611.png,44.0914497375,0.422373354435
image_processed/videos/guy2girl5/out/0617.png,43.371673584,0.582481682301
image_processed/videos/guy2girl5/out/0619.png,41.5697288513,0.911112844944
image_processed/videos/guy2girl5/out/0624.png,37.8875846863,0.562526643276
image_processed/videos/guy2girl5/out/0627.png,36.0770454407,0.84752959013
image_processed/videos/guy2girl5/out/0631.png,47.0459899902,0.395356059074
image_processed/videos/guy2girl5/out/0632.png,32.003238678,0.840883791447
image_processed/videos/guy2girl5/out/0635.png,32.5615882874,0.842659413815
image_processed/videos/guy2girl5/out/0639.png,39.1195449829,0.600970208645
image_processed/videos/guy2girl5/out/0641.png,38.231388092,0.553780078888
image_processed/videos/guy2girl5/out/0642.png,37.3336219788,0.880135834217
image_processed/videos/guy2girl5/out/0643.png,35.7249565125,0.780627965927
image_processed/videos/guy2girl5/out/0648.png,42.848865509,0.492722928524
image_processed/videos/guy2girl5/out/0649.png,38.4738922119,0.470094144344
image_processed/videos/guy2girl5/out/0650.png,38.185634613,0.82761245966
image_processed/videos/guy2girl5/out/0654.png,34.6942749023,0.782327711582
image_processed/videos/guy2girl5/out/0655.png,40.451171875,0.564357757568
image_processed/videos/guy2girl5/out/0656.png,27.0507698059,0.696203589439
image_processed/videos/guy2girl5/out/0659.png,30.119102478,0.692859530449
image_processed/videos/guy2girl5/out/0660.png,35.3657989502,0.588903963566
image_processed/videos/guy2girl5/out/0663.png,33.3563957214,0.302487313747
image_processed/videos/guy2girl5/out/0667.png,37.4078292847,0.319982409477
image_processed/videos/guy2girl5/out/0670.png,35.0384407043,0.788185358047
image_processed/videos/guy2girl5/out/0675.png,35.5063209534,0.815215528011
image_processed/videos/guy2girl5/out/0685.png,34.0446434021,0.597474336624
image_processed/videos/guy2girl5/out/0697.png,43.1127052307,0.670261621475
image_processed/videos/guy2girl5/out/0701.png,33.0742950439,0.654984593391
image_processed/videos/guy2girl5/out/0703.png,37.9062690735,0.668509066105
image_processed/videos/guy2girl5/out/0712.png,37.7920036316,0.341439008713
image_processed/videos/guy2girl5/out/0718.png,39.2049789429,0.655140399933
image_processed/videos/guy2girl5/out/0727.png,40.4677352905,0.624485731125
image_processed/videos/guy2girl5/out/0731.png,39.1068954468,0.80762141943
image_processed/videos/guy2girl5/out/0746.png,33.1415634155,0.479954123497
image_processed/videos/guy2girl5/out/0752.png,27.8866329193,0.47148963809
image_processed/videos/guy2girl5/out/0768.png,33.2729454041,0.499680519104
image_processed/videos/guy2girl5/out/0772.png,29.6769981384,0.0511667765677
image_processed/videos/guy2girl5/out/0786.png,31.8189029694,0.201486393809
image_processed/videos/guy2girl5/out/0792.png,31.1797409058,0.428428173065
image_processed/videos/guy2girl5/out/0795.png,33.1968841553,0.243706941605
image_processed/videos/guy2girl5/out/0796.png,36.5869026184,0.582825660706
image_processed/videos/guy2girl5/out/0799.png,29.9734764099,0.428742855787
image_processed/videos/guy2girl5/out/0803.png,28.7896080017,0.51155346632
image_processed/videos/guy2girl5/out/0804.png,30.4916572571,0.562836229801
image_processed/videos/guy2girl5/out/0807.png,30.7942142487,0.539156675339
image_processed/videos/guy2girl5/out/0812.png,33.8990478516,0.489919930696
image_processed/videos/guy2girl5/out/0814.png,34.9604721069,0.341929018497
image_processed/videos/guy2girl5/out/0815.png,34.8930091858,0.647669553757
image_processed/videos/guy2girl5/out/0816.png,30.7022895813,0.830542445183
image_processed/videos/guy2girl5/out/0820.png,34.854434967,0.296986579895
image_processed/videos/guy2girl5/out/0821.png,30.7485466003,0.377774268389
image_processed/videos/guy2girl5/out/0827.png,37.9416427612,0.914732158184
image_processed/videos/guy2girl5/out/0828.png,29.0754985809,0.895475566387
image_processed/videos/guy2girl5/out/0830.png,33.0683631897,0.669079601765
image_processed/videos/guy2girl5/out/0834.png,30.3672370911,0.0221944283694
image_processed/videos/guy2girl5/out/0836.png,38.4936103821,0.188689336181
image_processed/videos/guy2girl5/out/0837.png,29.5411396027,0.213981866837
image_processed/videos/guy2girl5/out/0838.png,34.5104408264,0.307363659143
image_processed/videos/guy2girl5/out/0841.png,29.5672206879,0.217146232724
image_processed/videos/guy2girl5/out/0851.png,33.5640220642,0.0759966596961
image_processed/videos/guy2girl5/out/0852.png,29.4184303284,0.813724696636
image_processed/videos/guy2girl5/out/0857.png,31.8811473846,0.531933307648
image_processed/videos/guy2girl5/out/0858.png,29.0970115662,0.908887684345
image_processed/videos/guy2girl5/out/0862.png,45.7974510193,0.276167660952
image_processed/videos/guy2girl5/out/0863.png,31.1321239471,0.203126564622
image_processed/videos/guy2girl5/out/0864.png,30.0463409424,0.10401340574
image_processed/videos/guy2girl5/out/0866.png,29.2435264587,0.0596668682992
image_processed/videos/guy2girl5/out/0868.png,34.659740448,0.364901900291
image_processed/videos/guy2girl5/out/0870.png,34.240688324,0.0216613039374
image_processed/videos/guy2girl5/out/0872.png,32.5635948181,0.0419404804707
image_processed/videos/guy2girl5/out/0879.png,33.9160003662,0.658415019512
image_processed/videos/guy2girl5/out/0880.png,27.7205181122,0.00640876591206
image_processed/videos/guy2girl5/out/0881.png,27.6309318542,0.422668159008
image_processed/videos/guy2girl5/out/0890.png,37.2177619934,0.37242564559
image_processed/videos/guy2girl5/out/0893.png,33.6646194458,0.0646215453744
image_processed/videos/guy2girl5/out/0894.png,30.4373569489,0.146080106497
image_processed/videos/guy2girl5/out/0897.png,32.9936599731,0.213832244277
image_processed/videos/guy2girl5/out/0898.png,34.9311981201,0.107287317514
image_processed/videos/guy2girl5/out/0907.png,36.1383209229,0.874183237553
image_processed/videos/guy2girl5/out/0911.png,31.1805686951,0.219196736813
image_processed/videos/guy2girl5/out/0912.png,37.9542999268,0.0960021018982
image_processed/videos/guy2girl5/out/0913.png,29.9024467468,0.307416975498
image_processed/videos/guy2girl5/out/0918.png,33.9566764832,0.268380999565
image_processed/videos/guy2girl5/out/0919.png,36.842376709,0.0646507441998
image_processed/videos/guy2girl5/out/0920.png,32.266002655,0.15063880384
image_processed/videos/guy2girl5/out/0921.png,32.3080940247,0.055232193321
image_processed/videos/guy2girl5/out/0922.png,34.2090606689,0.0460339002311
image_processed/videos/guy2girl5/out/0923.png,30.916053772,0.0769692957401
image_processed/videos/guy2girl5/out/0924.png,29.6099777222,0.02718597278
image_processed/videos/guy2girl5/out/0925.png,34.3141822815,0.0225045643747
image_processed/videos/guy2girl5/out/0926.png,31.4850635529,0.0559822283685
image_processed/videos/guy2girl5/out/0927.png,31.8640422821,0.536477804184
image_processed/videos/guy2girl5/out/0928.png,43.3280639648,0.416988730431
image_processed/videos/guy2girl5/out/0930.png,32.9154586792,0.14446566999
image_processed/videos/guy2girl5/out/0931.png,31.3331451416,0.0506176315248
image_processed/videos/guy2girl5/out/0933.png,27.8253860474,0.0565297156572
image_processed/videos/guy2girl5/out/0934.png,37.8207435608,0.141230940819
image_processed/videos/guy2girl5/out/0938.png,41.1930885315,0.067696377635
image_processed/videos/guy2girl5/out/0939.png,28.3869991302,0.0168026853353
image_processed/videos/guy2girl5/out/0940.png,26.540304184,0.0296354871243
image_processed/videos/guy2girl5/out/0941.png,28.1368103027,0.0181277077645
image_processed/videos/guy2girl5/out/0942.png,33.363368988,0.0282693151385
image_processed/videos/guy2girl5/out/0943.png,31.8839263916,0.106346741319
image_processed/videos/guy2girl5/out/0944.png,30.4929695129,0.718396604061
image_processed/videos/guy2girl5/out/0945.png,26.5384140015,0.0280552767217
image_processed/videos/guy2girl5/out/0946.png,34.8486709595,0.0545968860388
image_processed/videos/guy2girl5/out/0947.png,28.9674339294,0.00482568098232
image_processed/videos/guy2girl5/out/0948.png,25.5062065125,0.0628485605121
image_processed/videos/guy2girl5/out/0949.png,30.985244751,0.0541441217065
image_processed/videos/guy2girl5/out/0950.png,28.7893199921,0.250947743654
image_processed/videos/guy2girl5/out/0951.png,31.9650840759,0.0617828145623
image_processed/videos/guy2girl5/out/0952.png,34.8287887573,0.0229188110679
image_processed/videos/guy2girl5/out/0954.png,30.7793998718,0.0497659370303
image_processed/videos/guy2girl5/out/0955.png,32.1368980408,0.281226843596
image_processed/videos/guy2girl5/out/0956.png,23.7314071655,0.0655882060528
image_processed/videos/guy2girl5/out/0957.png,30.5543022156,0.142450675368
image_processed/videos/guy2girl5/out/0958.png,37.0661239624,0.0332610309124
image_processed/videos/guy2girl5/out/0959.png,43.8739891052,0.0285138878971
image_processed/videos/guy2girl5/out/0960.png,39.2742919922,0.174017131329
image_processed/videos/guy2girl5/out/0961.png,37.1545562744,0.247779354453
image_processed/videos/guy2girl5/out/0962.png,43.3903617859,0.0373294092715
image_processed/videos/guy2girl5/out/0963.png,43.6069793701,0.162858456373
image_processed/videos/guy2girl5/out/0964.png,32.6661529541,0.0262126792222
image_processed/videos/guy2girl5/out/0966.png,32.1384925842,0.138985678554
image_processed/videos/guy2girl5/out/0967.png,39.5707740784,0.0276464521885
image_processed/videos/guy2girl5/out/0968.png,37.1964797974,0.0716553032398
image_processed/videos/guy2girl5/out/0969.png,38.8166542053,0.191666156054
image_processed/videos/guy2girl5/out/0970.png,29.6835098267,0.094457142055
image_processed/videos/guy2girl5/out/0971.png,44.4975547791,0.0551481693983
image_processed/videos/guy2girl5/out/0972.png,30.6602649689,0.137651458383
image_processed/videos/guy2girl5/out/0973.png,36.2598075867,0.0347896255553
image_processed/videos/guy2girl5/out/0974.png,39.762336731,0.00870505347848
image_processed/videos/guy2girl5/out/0975.png,34.346824646,0.262352406979
image_processed/videos/guy2girl5/out/0976.png,41.4068222046,0.514006257057
image_processed/videos/guy2girl5/out/0977.png,44.7232131958,0.271889209747
image_processed/videos/guy2girl5/out/0978.png,37.2680282593,0.0745257735252
image_processed/videos/guy2girl5/out/0979.png,23.357378006,0.135370373726
image_processed/videos/guy2girl5/out/0980.png,36.5937309265,0.136814787984
image_processed/videos/guy2girl5/out/0981.png,36.9200210571,0.153188794851
image_processed/videos/guy2girl5/out/0982.png,34.4833984375,0.0935729295015
image_processed/videos/guy2girl5/out/0983.png,40.1361808777,0.145685151219
image_processed/videos/guy2girl5/out/0984.png,33.2585067749,0.111554011703
image_processed/videos/guy2girl5/out/0985.png,41.500289917,0.300113022327
image_processed/videos/guy2girl5/out/0986.png,43.4386825562,0.04522716254
image_processed/videos/guy2girl5/out/0987.png,44.2497787476,0.0748202353716
image_processed/videos/guy2girl5/out/0988.png,23.0539798737,0.0105048008263
image_processed/videos/guy2girl5/out/0989.png,45.8388366699,0.0956617295742
image_processed/videos/guy2girl5/out/0990.png,29.6622600555,0.130797818303
image_processed/videos/guy2girl5/out/0991.png,45.1872291565,0.0413573719561
image_processed/videos/guy2girl5/out/0992.png,30.4843921661,0.0900443568826
image_processed/videos/guy2girl5/out/0993.png,17.6484565735,0.104321651161
image_processed/videos/guy2girl5/out/0994.png,30.1743469238,0.116697989404
image_processed/videos/guy2girl5/out/0995.png,32.9970588684,0.0423145703971
image_processed/videos/guy2girl5/out/0996.png,44.4632263184,0.0335188470781
image_processed/videos/guy2girl5/out/0997.png,33.2506484985,0.218080848455
image_processed/videos/guy2girl5/out/0998.png,37.1488265991,0.0403506346047
image_processed/videos/guy2girl5/out/0999.png,49.2517929077,0.00616942765191
image_processed/videos/guy2girl5/out/1000.png,47.2999763489,0.0128673324361
image_processed/videos/guy2girl5/out/1001.png,31.4630374908,0.00990570802242
image_processed/videos/guy2girl5/out/1002.png,41.0022544861,0.0497166775167
image_processed/videos/guy2girl5/out/1003.png,32.0457420349,0.0993553325534
image_processed/videos/guy2girl5/out/1004.png,36.8204650879,0.0376805141568
image_processed/videos/guy2girl5/out/1005.png,30.6543769836,0.0863588005304
image_processed/videos/guy2girl5/out/1006.png,44.7406654358,0.00474516861141
image_processed/videos/guy2girl5/out/1007.png,31.8328285217,0.16071818769
image_processed/videos/guy2girl5/out/1008.png,31.0046920776,0.269830346107
image_processed/videos/guy2girl5/out/1009.png,28.8051681519,0.100718729198
image_processed/videos/guy2girl5/out/1010.png,31.2612915039,0.0931779369712
image_processed/videos/guy2girl5/out/1011.png,47.5751876831,0.0473161973059
image_processed/videos/guy2girl5/out/1012.png,34.166343689,0.130232691765
image_processed/videos/guy2girl5/out/1013.png,36.586894989,0.0372030735016
image_processed/videos/guy2girl5/out/1014.png,29.8417892456,0.248365819454
image_processed/videos/guy2girl5/out/1015.png,34.3469619751,0.0522567555308
image_processed/videos/guy2girl5/out/1016.png,27.4401378632,0.00924005918205
image_processed/videos/guy2girl5/out/1017.png,33.2512016296,0.094875626266
image_processed/videos/guy2girl5/out/1018.png,33.0060043335,0.0714670568705
image_processed/videos/guy2girl5/out/1019.png,34.5996398926,0.296989709139
image_processed/videos/guy2girl5/out/1020.png,48.434047699,0.0551745705307
image_processed/videos/guy2girl5/out/1021.png,35.9532470703,0.32181301713
image_processed/videos/guy2girl5/out/1022.png,39.7662773132,0.132919713855
image_processed/videos/guy2girl5/out/1023.png,38.9323806763,0.27542552352
image_processed/videos/guy2girl5/out/1024.png,38.9075317383,0.0486002489924
image_processed/videos/guy2girl5/out/1025.png,39.6199493408,0.0920779183507
image_processed/videos/guy2girl5/out/1026.png,33.8551712036,0.0403732508421
image_processed/videos/guy2girl5/out/1027.png,39.0361595154,0.0399465151131
image_processed/videos/guy2girl5/out/1028.png,34.7978363037,0.0757827460766
image_processed/videos/guy2girl5/out/1029.png,36.7906951904,0.177426978946
image_processed/videos/guy2girl5/out/1030.png,41.6622314453,0.0573978237808
image_processed/videos/guy2girl5/out/1031.png,29.1333065033,0.164064392447
image_processed/videos/guy2girl5/out/1032.png,30.5917720795,0.0952259600163
image_processed/videos/guy2girl5/out/1033.png,35.8628997803,0.230936810374
